image,sha256,width,height,file_size
001.jpg,14a4364a4816083a27d253c5a3c537dd5c2cef5b209458e46cecee1287e46763,720,1160,53450
002.jpg,90a4a085ffe086ff9990c1d60e77fc38ce818fea3bf6bb85ca90e3781b9d9c99,720,1160,113243
003.jpg,01c3863e6df4bb7982b05df97a34b85fbd9cfc18defebf4925b24fac1952f887,720,1160,88713
004.jpg,71f15ac7a3e61ddcdf7cb5941036fcc828b62e6f2ef3799d4c4a9e69b5da2d56,720,1160,104391
005.jpg,0bacee4a6b3d295a453afa4a1218c191c2676f68cb2e67c3953d1a9b74a5a3df,300,226,13255
006.jpg,df01fadcf5a004604169b315acfe30a95be81e4abad911a000c0d92915f8d296,357,414,26049
007.jpg,19c75317554806259f85f0407937695a7568846353b497274124f4673f547bbd,499,368,29058
008.jpg,ab5f91766f6728e1e0e520f7575b9b6f71250b2dee65a09c297df78a6249ce3b,313,209,12331
009.jpg,3bee0374507a50277763807f2683eae6d02d54c66e0123c38fab4d9ae121a6d8,477,297,48772
010.jpg,f7da3f55928d9769d5acf8c259fed27bd923d3ca825adb9acf870538b0ac8419,327,220,13360
011.jpg,33cd6a7a715041f318f94618d60b42777a0065fea399a0bd3647033e224a9c48,720,1160,93740
012.jpg,3c9361d29992e30c683f5ff4ff58a32ecb4413c86e258162b88edfc19685c43e,720,1160,83597
013.jpg,c076527acf17299c8987e4ffef7b8147350758cf3ff78bd11514571867980ffb,720,1160,57956
014.jpg,4e7f88a3aae37ce2eaf8fbf8cb82a9598a224092cf4518644195d4d2f93589d5,720,1160,105164
015.jpg,b26423925944a7df906c07ac34d8cd813f047ba6da60416474b225ae39c81acb,1280,720,86093
016.jpg,b35cbb014660c7e8d8769893ffe051ae65c3a6c952ca2bff5a4655f4c7affbc3,376,506,22697
018.jpg,2616b0c31b498f809ae7f3cb7ed456dc0cda5d29bcadb23f94e481a5edc08529,526,300,30185
019.jpg,5ebbc666e3cd0e1d5e8477330121343e0a9ac653427ae046a622ca0bc611edb5,720,1160,78303
020.jpg,890e8175d3966b23813a6a0972e4e71fe1809e8223c30d2ce48dee5e2d0e3e9d,300,226,14161
021.jpg,f24fc1d8ee958d52eb2962897abc8030e3832caf4224de87048e4b81a1116e88,720,1160,100910
023.jpg,7a008743f353277ecbb5c132dc643b1432331cddbd1923edd963f82307678fbd,720,1160,54311
024.jpg,1f3d53507f641668ab81c0c0d184e7a1430a033144191425dc359336a9dfaaf8,1920,1078,421066
025.jpg,28c25a81c0ff674749f3f0dd18fab8445faa9e35d0f81f4e6de4689097f2e65d,1920,1078,436425
026.jpg,9dd3b121509e41af0ac7ccb27342125ad97aabe4d11dbfc8695749664cb354fa,1392,1040,323528
028.jpg,d71ec1af8b88136244b0590292aabe662877d7ed0031455df7f58232f580b024,1584,1170,273215
030.jpg,411c53f2a243102125f469e5883d4ca8c4a12a4bfe30e5d9ea71ce9e9b5c392b,720,1160,63957
032.jpg,cfe3be261fc5fa9220ba6ccbd64f92876cc0e245e29e69fadad389f2f607b957,720,1160,42745
033.jpg,873001e01a727de4dd7f6a46b8f3994e2d3c6d95ff504ed6692e761f682ad2e4,720,1160,93054
034.jpg,c3e48a36f26c212be5226700ed588e9350d006bc6c55c3654784865c9a674a95,720,1160,59738
035.jpg,37479ab81c65053d07cd2c15b22431d6a067a60acf009077f73a91806486911a,525,300,15909
036.jpg,76a9df69b29eb25e8b0c0e108c549a85210ccc312c5de4390fda6b2655ec3123,300,225,15435
038.jpg,b780641cccfa6b6fd3de0c2abdbbfa515f3c84b31e3e5ced3da8c718af035d71,305,509,231260
039.jpg,dda49342cf9569f1684d927581932e18e5389db3a284614340f0e7bdd242fbc8,420,300,19206
040.jpg,08f88cf8cf056792b8e01ed1318f2409da93a07c061d7f5362748e5e2ec897cf,374,300,15606
041.jpg,1c97976737ee9c22aa5890879b6c857fe8e3f9f99e3fba7e6537d9208cfe1c85,720,1160,41517
042.jpg,3185d5bc989aa267fda80ccb5f8ef9940766fcd4d036fe6909df6688b9538713,720,1160,40752
043.jpg,fd5ef44a782bc6ade9ffb48f17f4afb0a028db62a367fd4a3db5c7b040ec2fa1,720,1160,77660
044.jpg,5d1482a1bd698cdfc4b7bc8b59cdb4bceb73834f0836440b7c8ea0ec0160a978,720,1160,72724
045.jpg,f83be45d79583b0617f2910a4f4a5e806d909bc16f960f722f054d4b104e0acd,480,480,29966
046.jpg,c9911610ae00f0a7e3776262a847f66f5f5d23b79b275511751d51013206e8b1,500,376,24829
047.jpg,14f4608f3873d930cdde64bf852ae63f4ec4380c2c947bf2411537b5dd633509,376,283,12711
048.jpg,3922f8e539fcf3c1e67e1414848f7bc8ffdc010413c7a17024d65a3ec87f5cca,720,1160,60833
049.jpg,f1d25975ffef8bb0f7dbd649742be295a47b683178734abf64bec07fd3bd7400,403,226,10442
050.jpg,b16eec784abdbbe5842dacc937535fe48c44079d97ee0e1a1834036912681cbf,720,576,50021
051.jpg,3033e0fb70db3a2d87afb95d67631de68b3837a2e99965cc691644bdc916e342,720,1160,72607
052.jpg,80c90bdb8e7f93c82d7838511c45370d70f20f8e0b6f43fb5ab06a35a4bd57b5,720,1160,101211
053.jpg,b1749319fde141fb16ec5751dbef88d7b9ba86dd99bda3758857e29110506400,720,1160,80534
054.jpg,cec9517ca4127e8628f30fe04729620e44e3a2c610ea7abe393bbdb448318f4c,720,1160,66694
055.jpg,59d7b8b579c2552da7eccb479d892f181795d6ccefbfafc15823566bffb1b377,720,1160,52515
056.jpg,8d19dd0f58e5e5a92f778d83fc3d6eab325b37228c24f1850d7343c9fa68689f,720,1160,60445
